"Model","AIC","BIC"
"GARCH_Normal",15272.2168032536,15293.3036180812
"GARCH_t",15482.7090310458,15509.0675495802
