"Model","AIC","BIC","logLik"
"Proposed ARIMA(1,0,0)",-14758.9004036742,NA,7382.45020183711
"Auto ARIMA(4,0,0)",-14771.6915486881,-14740.0613264468,7391.84577434406
